-- MySQL dump 10.13  Distrib 5.7.28, for Linux (x86_64)
--
-- Host: ix    Database: EuroSoc
-- ------------------------------------------------------
-- Server version	5.7.27

/*!40101 SET @OLD_CHARACTER_SET_CLIENT=@@CHARACTER_SET_CLIENT */;
/*!40101 SET @OLD_CHARACTER_SET_RESULTS=@@CHARACTER_SET_RESULTS */;
/*!40101 SET @OLD_COLLATION_CONNECTION=@@COLLATION_CONNECTION */;
/*!40101 SET NAMES utf8 */;
/*!40103 SET @OLD_TIME_ZONE=@@TIME_ZONE */;
/*!40103 SET TIME_ZONE='+00:00' */;
/*!40014 SET @OLD_UNIQUE_CHECKS=@@UNIQUE_CHECKS, UNIQUE_CHECKS=0 */;
/*!40014 SET @OLD_FOREIGN_KEY_CHECKS=@@FOREIGN_KEY_CHECKS, FOREIGN_KEY_CHECKS=0 */;
/*!40101 SET @OLD_SQL_MODE=@@SQL_MODE, SQL_MODE='NO_AUTO_VALUE_ON_ZERO' */;
/*!40111 SET @OLD_SQL_NOTES=@@SQL_NOTES, SQL_NOTES=0 */;

--
-- Table structure for table `city`
--

DROP TABLE IF EXISTS `city`;
/*!40101 SET @saved_cs_client     = @@character_set_client */;
/*!40101 SET character_set_client = utf8 */;
CREATE TABLE `city` (
  `city_code` varchar(4) NOT NULL,
  `city_name` text,
  `country_code` text,
  `population` int(11) DEFAULT NULL,
  PRIMARY KEY (`city_code`)
) ENGINE=InnoDB DEFAULT CHARSET=latin1;
/*!40101 SET character_set_client = @saved_cs_client */;

--
-- Dumping data for table `city`
--

LOCK TABLES `city` WRITE;
/*!40000 ALTER TABLE `city` DISABLE KEYS */;
INSERT INTO `city` VALUES ('AST','Aston','Eng',33651),('BAH','Brighton and Hove','Eng',290395),('BNM','Bournemouth','Eng',187503),('BUR','Burnley','Eng',73021),('LEI','Leicester','Eng',329839),('LON','London','Eng',8900000),('LVP','Liverpool','Eng',552267),('MAN','Manchester','Eng',510746),('NCL','Newcastle upon Tyne','Eng',268064),('NOR','Norwich','Eng',213166),('SHF','Sheffield','Eng',518090),('SOU','Southampton','Eng',253651),('TUR','Turin','Ita',886837),('WAT','Watford','Eng',90301),('WVH','Wolverhamption','Eng',210319);
/*!40000 ALTER TABLE `city` ENABLE KEYS */;
UNLOCK TABLES;

--
-- Table structure for table `club`
--

DROP TABLE IF EXISTS `club`;
/*!40101 SET @saved_cs_client     = @@character_set_client */;
/*!40101 SET character_set_client = utf8 */;
CREATE TABLE `club` (
  `club_name` varchar(255) NOT NULL,
  `city_code` text,
  `league_code` text,
  `stadium` text,
  PRIMARY KEY (`club_name`)
) ENGINE=InnoDB DEFAULT CHARSET=latin1;
/*!40101 SET character_set_client = @saved_cs_client */;

--
-- Dumping data for table `club`
--

LOCK TABLES `club` WRITE;
/*!40000 ALTER TABLE `club` DISABLE KEYS */;
INSERT INTO `club` VALUES ('AFC Bournemouth','BNM','EPL','Dean Court'),('Arsenal FC','LON','EPL','Emirates Stadium'),('Aston Villa FC','AST','EPL','Villa Park'),('Brighton & Hove Albion FC','BAH','EPL','American Express Community Stadium'),('Burnley FC','BUR','EPL','Turf Moor'),('Chelsea FC','LON','EPL','Stamford Bridge'),('Crystal Palace FC','LON','EPL','Selhurst Park Stadium'),('Everton FC','LIV','EPL','Goodison Park'),('Leicester City FC','LEI','EPL','King Power Stadium'),('Liverpool FC','LVP','EPL','Anfield'),('Manchester City FC','MAN','EPL','Etihad Stadium'),('Manchester United FC','MAN','EPL','Old Trafford'),('Newcastle United FC','NCL','EPL','St. James Park'),('Norwich City FC','NOR','EPL','Carrow Road'),('Sheffield United FC','SHF','EPL','Hillsborough Stadium'),('Southampton FC','SOU','EPL','St. Marys Stadium'),('Tottenham Hotspur FC','LON','EPL','Tottenham Hotspur Stadium'),('Watford FC','WAT','EPL','Vicarage Road'),('West Ham United FC','LON','EPL','London Stadium'),('Wolverhampton Wanderers FC','WVH','EPL','Molineux Stadium');
/*!40000 ALTER TABLE `club` ENABLE KEYS */;
UNLOCK TABLES;

--
-- Table structure for table `country`
--

DROP TABLE IF EXISTS `country`;
/*!40101 SET @saved_cs_client     = @@character_set_client */;
/*!40101 SET character_set_client = utf8 */;
CREATE TABLE `country` (
  `country_code` varchar(3) NOT NULL,
  `country_name` varchar(255) DEFAULT NULL,
  PRIMARY KEY (`country_code`)
) ENGINE=InnoDB DEFAULT CHARSET=latin1;
/*!40101 SET character_set_client = @saved_cs_client */;

--
-- Dumping data for table `country`
--

LOCK TABLES `country` WRITE;
/*!40000 ALTER TABLE `country` DISABLE KEYS */;
INSERT INTO `country` VALUES ('Eng','England'),('Fra','France'),('Ger','Germany'),('Ita','Italy');
/*!40000 ALTER TABLE `country` ENABLE KEYS */;
UNLOCK TABLES;

--
-- Table structure for table `league`
--

DROP TABLE IF EXISTS `league`;
/*!40101 SET @saved_cs_client     = @@character_set_client */;
/*!40101 SET character_set_client = utf8 */;
CREATE TABLE `league` (
  `league_code` varchar(4) DEFAULT NULL,
  `league_name` text,
  `founding_date` date DEFAULT NULL
) ENGINE=InnoDB DEFAULT CHARSET=latin1;
/*!40101 SET character_set_client = @saved_cs_client */;

--
-- Dumping data for table `league`
--

LOCK TABLES `league` WRITE;
/*!40000 ALTER TABLE `league` DISABLE KEYS */;
INSERT INTO `league` VALUES ('EPL','English Premier League','1992-02-20'),('SLA','La Liga','1929-02-01'),('ISA','Serie A','1898-01-01'),('FL1','France Ligue 1','1932-09-11'),('GBL','Bundesliga','1962-07-28');
/*!40000 ALTER TABLE `league` ENABLE KEYS */;
UNLOCK TABLES;

--
-- Table structure for table `player`
--

DROP TABLE IF EXISTS `player`;
/*!40101 SET @saved_cs_client     = @@character_set_client */;
/*!40101 SET character_set_client = utf8 */;
CREATE TABLE `player` (
  `playerID` int(11) NOT NULL AUTO_INCREMENT,
  `name` varchar(255) DEFAULT NULL,
  `position` varchar(3) DEFAULT NULL,
  `age` int(11) DEFAULT NULL,
  `weekly_wage` int(11) DEFAULT NULL,
  `club_name` varchar(255) DEFAULT NULL,
  `country_of_birth` varchar(255) DEFAULT NULL,
  PRIMARY KEY (`playerID`)
) ENGINE=InnoDB AUTO_INCREMENT=1248 DEFAULT CHARSET=latin1;
/*!40101 SET character_set_client = @saved_cs_client */;

--
-- Dumping data for table `player`
--

LOCK TABLES `player` WRITE;
/*!40000 ALTER TABLE `player` DISABLE KEYS */;
INSERT INTO `player` VALUES (165,'Thibaut Courtois ','GK',26,120000,'Real Madrid CF','Belgium'),(166,'Kiko Casilla','D',31,30000,'Real Madrid CF','Spain'),(167,'Andriy Lunin','GK',19,25000,'Real Madrid CF','Ukraine'),(168,'Sergio Ramos','D',32,200000,'Real Madrid CF','Spain'),(169,'Raphael Varane','D',25,140000,'Real Madrid CF','France'),(170,'Alvaro Odriozola','D ',22,45000,'Real Madrid CF','Spain'),(171,'Nacho Fernandez','D',28,70000,'Real Madrid CF','Spain'),(172,'Marcelo','D',30,150000,'Real Madrid CF','Brazil'),(173,'Daniel Carvajal','D',26,100000,'Real Madrid CF','Spain'),(174,'Casemiro','M',26,90000,'Real Madrid CF','Brazil'),(175,'Toni Kroos','M',28,200000,'Real Madrid CF','Germany'),(176,'Luka Modric','M',32,180000,'Real Madrid CF','Croatia'),(177,'Isco','M',26,120000,'Real Madrid CF','Spain'),(178,'Marco Asensio','F',22,90000,'Real Madrid CF','Spain'),(179,'Vinicius Junior','F',18,40000,'Real Madrid CF','Brazil'),(180,'Gareth Bale','F',30,350000,'Real Madrid CF','Wales'),(181,'Karim Benzema','F',31,150000,'Real Madrid CF','France'),(182,'Lucas Vasquez','F',27,60000,'Real Madrid CF','Spain'),(183,'Eden Hazard','F',28,400000,'Real Madrid CF','Belgium'),(184,'Luka Jovic','F',21,170000,'Real Madrid CF','Serbia'),(185,'Marc-Andre ter Stegen','GK',26,90000,'FC Barcelona','Germany'),(186,'Neto','GK',29,11400,'FC Barcelona','Brazil'),(187,'Gerard Pique','D',32,165000,'FC Barcelona','Spain'),(188,'Clement Lenglet','D',23,70000,'FC Barcelona','France'),(189,'Moussa Wague','D',20,20000,'FC Barcelona','Senegal'),(190,'Jordi Alba','D',30,100000,'FC Barcelona','Spain'),(191,'Junior Firpo','D',23,12172,'FC Barcelona','Dominican Republic'),(192,'Nelson Semedo','D',25,75000,'FC Barcelona','Portugal'),(193,'Sergio Busquets','M',31,180000,'FC Barcelona','Spain'),(194,'Ivan Rakitic','M',31,150000,'FC Barcelona','Croatia'),(195,'Arthur','M',23,60000,'FC Barcelona','Brazil'),(196,'Arturo Vidal','M',32,165000,'FC Barcelona','Chile'),(197,'Sergi Roberto','M',27,70000,'FC Barcelona','Spain'),(198,'Frenkie De Jong','M',22,184197,'FC Barcelona','Netherlands'),(199,'Ansu Fati','F',16,20000,'FC Barcelona','Spain'),(200,'Ousmane Dembele','F',22,220000,'FC Barcelona','France'),(201,'Lionel Messi','F',32,500000,'FC Barcelona','Argentina'),(202,'Luis Suarez','F',32,290000,'FC Barcelona','Uruguay'),(203,'Antoine Griezmann','F',28,294300,'FC Barcelona','France'),(204,'Jan Oblak','GK',26,400000,'Atletico Madrid ','Slovenia'),(205,'Diego Costa','F',30,300000,'Atletico Madrid ','Spain'),(206,'Koke','M',27,300000,'Atletico Madrid ','Spain'),(207,'Joao Felix','F',19,280000,'Atletico Madrid ','Portugal'),(208,'Saul Niguez','M',24,230000,'Atletico Madrid ','Spain'),(209,'Vitolo','F',29,200000,'Atletico Madrid ','Spain'),(210,'Alvaro Morato','F',26,190000,'Atletico Madrid ','Spain'),(211,'Thomas Lemar','F',23,120000,'Atletico Madrid ','France'),(212,'Sime Vrsaljko','D',27,99000,'Atletico Madrid ','Croatia'),(213,'Stefan Savic','D',28,86000,'Atletico Madrid ','Serbia'),(214,'Angel Correa','M',24,67000,'Atletico Madrid ','Argentina'),(215,'Thomas Partey','M',26,47000,'Atletico Madrid ','Ghana'),(216,'Marcos Llorente','M',24,21000,'Atletico Madrid ','Spain'),(217,'Nolito','F',32,130000,'Sevilla FC','Spain'),(218,'Ever Banega','M',31,125000,'Sevilla FC','Argentina'),(219,'Munir El Haddadi','F',24,95000,'Sevilla FC','Morocco'),(220,'Jesus Navas','F',33,75000,'Sevilla FC','Spain'),(221,'Franco Vazquez','M',30,73000,'Sevilla FC','Argentina'),(222,'Sergio Esudero','D',30,41000,'Sevilla FC','Spain'),(223,'Tomas Vaclik','GK',30,38000,'Sevilla FC','Czech Republic'),(224,'Sergi Gomez','D',27,25000,'Sevilla FC','Spain'),(225,'Sergio Reguilon','D',22,2500,'Sevilla FC','Spain'),(226,'Jasper Cillessen','GK',30,84615,'Valencia CF','Netherlands'),(227,'Gabriel Paulista','D',28,69230,'Valencia CF','Brazil'),(228,'Ezequiel Garay','D',32,96153,'Valencia CF','Argentina'),(229,'Jose Gaya','D',23,67482,'Valencia CF','Spain'),(230,'Francis Coquelin','M',28,69230,'Valencia CF','France'),(231,'Geoffrey Kondogbia','M',26,123076,'Valencia CF','France'),(232,'Kevin Gameiro','F',32,144230,'Valencia CF','Spain'),(233,'Rodrigo','F',28,130769,'Valencia CF','Spain'),(234,'Alphonso Davies','D',18,20000,'FC Bayern Munich','Canada'),(235,'Leon Goretzka','M',24,137000,'FC Bayern Munich','Germany'),(236,'Lucas Hernandez','D',23,225000,'FC Bayern Munich','France'),(237,'Niklas Sule','D',24,52000,'FC Bayern Munich','Germany'),(238,'Benjamin Pavard','D',23,125000,'FC Bayern Munich','France'),(239,'Corentin Tolisso','M',25,137000,'FC Bayern Munich','France'),(240,'Kingsley Coman','F',23,137000,'FC Bayern Munich','France'),(241,'Manuel Neuer','GK',33,259000,'FC Bayern Munich','Germany'),(242,'Sven Ulreich','GK',31,43000,'FC Bayern Munich','Germany'),(243,'Jerome Boateng','D',31,205000,'FC Bayern Munich','Germany'),(244,'David Alaba','D',27,170000,'FC Bayern Munich','Austria'),(245,'Philippe Coutinho','M',27,240000,'FC Bayern Munich','Brazil'),(246,'Joshua Kimmich','M',24,137000,'FC Bayern Munich','Germany'),(247,'Ivan Perisic','F',30,137000,'FC Bayern Munich','Croatia'),(248,'Serge Gnabry','F',24,78000,'FC Bayern Munich','Germany'),(249,'Thomas Muller','F',30,258000,'FC Bayern Munich','Germany'),(250,'Robert Lewandowski','F',31,275000,'FC Bayern Munich','Poland'),(251,'Marco Reus','F',30,210000,'Borussia Dortmund','Germany'),(252,'Mario Gotze','M',27,190000,'Borussia Dortmund','Germany'),(253,'Mats Hummels','D',30,190000,'Borussia Dortmund','Germany'),(254,'Axel Witsel','M',30,155000,'Borussia Dortmund','Belgium'),(255,'Thomas Delaney','M',28,115000,'Borussia Dortmund','Denmark'),(256,'Mahmoud Dahoud','M',23,95000,'Borussia Dortmund','Germany'),(257,'Julian Brandt','F',23,76000,'Borussia Dortmund','Germany'),(258,'Julian Weigl','M',24,76000,'Borussia Dortmund','Germany'),(259,'Paco Alcacer','F',26,76000,'Borussia Dortmund','Spain'),(260,'Oomar Toprak','D',30,67000,'Borussia Dortmund','Turkey'),(261,'Lucasz Piszczek','D',34,55000,'Borussia Dortmund','Poland'),(262,'Roman Burki','GK',29,48000,'Borussia Dortmund','Switzerland'),(263,'Jadon Sancho','F',18,38000,'Borussia Dortmund','England'),(264,'Thorgan Hazard','F',26,30000,'Borussia Dortmund','Belgium'),(265,'Achraf Hakimi','D',21,28000,'Borussia Dortmund','Morocco'),(266,'Sergio Gomez','M',19,19000,'Borussia Dortmund','Spain'),(267,'Dan-Axel Zagadou','D',20,4000,'Borussia Dortmund','France'),(268,'Neymar Jr','F',27,700000,'Paris Saint Germain FC','Brazil'),(269,'Kylian Mbappe','F',20,360000,'Paris Saint Germain FC','France'),(270,'Edinson Cavani','F',32,355000,'Paris Saint Germain FC','Uruguay'),(271,'Thiago Silva','D',35,305000,'Paris Saint Germain FC','Brazil'),(272,'Marquinhos','D',25,255000,'Paris Saint Germain FC','Brazil'),(273,'Angel Di Maria','F',31,255000,'Paris Saint Germain FC','Argentina'),(274,'Pablo Sarabia','M',27,140000,'Paris Saint Germain FC','Spain'),(275,'Presnel Kimpembe','D',24,140000,'Paris Saint Germain FC','France'),(276,'Julian Draxler','M',26,137000,'Paris Saint Germain FC','Germany'),(277,'Marco Verrati','M',27,137000,'Paris Saint Germain FC','Italy'),(278,'Layvin Kurzawa','D',27,115000,'Paris Saint Germain FC','France'),(279,'Juan Bernat','D',26,95000,'Paris Saint Germain FC','Spain'),(280,'Thilo Kehrer','D',23,95000,'Paris Saint Germain FC','Germany'),(281,'Leandro Paredes','M',25,65000,'Paris Saint Germain FC','Argentina'),(282,'Thomas Meunier','D',28,60000,'Paris Saint Germain FC','Belgium'),(283,'Alphonse Areola','GK',26,35000,'Paris Saint Germain FC','France'),(284,'Gelson Martins','F',24,125000,'AS Monaco FC','Portugal'),(285,'Cesc Fabregas','M',32,121000,'AS Monaco FC','Spain'),(286,'Keita Balde','F',24,105000,'AS Monaco FC','Senegal'),(287,'Kamil Glik','D',31,67000,'AS Monaco FC','Poland'),(288,'Stevan Jovetic','F',29,65000,'AS Monaco FC','Montenegro'),(289,'Jemerson ','D',27,60000,'AS Monaco FC','Brazil'),(290,'Naldo','D',37,60000,'AS Monaco FC','Brazil'),(291,'Aleksandr Golovin','M',23,53000,'AS Monaco FC','Russia'),(292,'Benjamin Henrichs','D',22,43000,'AS Monaco FC','Germany'),(293,'Danijel Subasic','GK',34,40000,'AS Monaco FC','Croatia'),(294,'Gabriel Boschilia','M',23,40000,'AS Monaco FC','Brazil'),(295,'Diego Benaglio','GK',36,30000,'AS Monaco FC','Switzerland'),(296,'Pietro Pellegri','F',18,20000,'AS Monaco FC','Italy'),(297,'Willem Geubbels','F',18,16000,'AS Monaco FC','France'),(298,'Benoit Badiashille','D',18,1500,'AS Monaco FC','France'),(299,'Cristiano Ronaldo','F',34,510483,'Juventus FC','Portugal'),(300,'Mattie Perin','GK',25,70000,'Juventus FC','Italy'),(301,'Wojciech Szczesny','GK',29,130000,'Juventus FC','Poland'),(302,'Gianluigi Buffon','GK',41,45900,'Juventus FC','Italy'),(303,'Giorgio Chiellini','D',35,130000,'Juventus FC','Italy'),(304,'Mattia De Sciglio','D',26,55000,'Juventus FC','Italy'),(305,'Matthijs de Ligt','D',20,240000,'Juventus FC','Netherlands'),(306,'Danilo','D',28,85000,'Juventus FC','Brazil'),(307,'Leonardo Bonucci','D',32,180000,'Juventus FC','Italy'),(308,'Alex Sandro','D',28,55000,'Juventus FC','Brazil'),(309,'Douglas Costa','F',29,190000,'Juventus FC','Brazil'),(310,'Blaise Matuidi','M',32,130000,'Juventus FC','France'),(311,'Adrien Rabiot','M',24,225000,'Juventus FC','France'),(312,'Emre Can','M',25,160000,'Juventus FC','Germany'),(313,'Miralem Pjanic','M',29,210000,'Juventus FC','Bosnia and Herzegovina'),(314,'Aaron Ramsey','M',28,225000,'Juventus FC','Wales'),(315,'Sami Khedira','M',32,130000,'Juventus FC','Germany'),(316,'Paulo Dybala','F',24,225000,'Juventus FC','Argentina'),(317,'Gonzalo Higuain','F',31,240000,'Juventus FC','Argentina'),(318,'Gianluigi Donnarumma','GK',20,215000,'AC Milan','Italy'),(319,'Lucas Biglia','D',33,130000,'AC Milan','Argentina'),(320,'Pepe Reina','GK',37,110000,'AC Milan','Spain'),(321,'Suso','F',25,110000,'AC Milan','Italy'),(322,'Ante Rebic','F',25,110000,'AC Milan','Croatia'),(323,'Hakan Calhanoglu','M',25,100000,'AC Milan','Turkey'),(324,'Franck Kessie','M',22,80000,'AC Milan','Ivory Coast'),(325,'Davide Calabria','D',22,70000,'AC Milan','Italy'),(326,'Krzysztof Piatek','F',24,65000,'AC Milan','Poland'),(327,'Rafael Leao','F',20,50000,'AC Milan','Portugal'),(828,'Callum Wilson','F',27,60000,'AFC Bournermouth','England'),(829,'Jefferson Lerma','M',25,50000,'AFC Bournermouth','Columbia'),(830,'Steve Cook','D',28,45000,'AFC Bournermouth','England'),(831,'Joshua King','F',27,45000,'AFC Bournermouth','Norway'),(832,'Nathan Ake','D',24,40000,'AFC Bournermouth','Netherlands'),(833,'Artur Boruc','GK',39,40000,'AFC Bournermouth','Poland'),(834,'Jordon Ibe','F',23,38000,'AFC Bournermouth','England'),(835,'Lewis Cook','M',22,35000,'AFC Bournermouth','England'),(836,'Charlie Daniels','D',33,35000,'AFC Bournermouth','England'),(837,'Dan Gosling','M',29,35000,'AFC Bournermouth','England'),(838,'Adam Smith','D',28,35000,'AFC Bournermouth','England'),(839,'Junior Stanislas','F',29,35000,'AFC Bournermouth','England'),(840,'Andrew Surman','M',33,35000,'AFC Bournermouth','South Africa'),(841,'Simon Francis','D',34,30000,'AFC Bournermouth','England'),(842,'Ryan Fraser','F',25,27000,'AFC Bournermouth','England'),(843,'Brad Smith','D',25,25000,'AFC Bournermouth','England'),(844,'Dominic Solanke','F',22,25000,'AFC Bournermouth','England'),(845,'David Brooks','M',22,20000,'AFC Bournermouth','England'),(846,'Diego Rico','D',26,19250,'AFC Bournermouth','Spain'),(847,'Philip Billing','M',23,15000,'AFC Bournermouth','Denmark'),(848,'Chris Mepham','D',22,11673,'AFC Bournermouth','England'),(849,'Aaron Ramsdale','GK',21,3000,'AFC Bournermouth','England'),(850,'Jack Simpson','D',22,3000,'AFC Bournermouth','England'),(851,'Mesut Ozil','M',31,350000,'Arsenal FC','Germany'),(852,'Pierre-Emerick Aubameyang','F',30,200000,'Arsenal FC','Gabon'),(853,'Alexandre Lacazette','F',28,182063,'Arsenal FC','France'),(854,'Nicolas Pepe','F',24,140000,'Arsenal FC','Ivory Coast'),(855,'David Luiz','D',32,125673,'Arsenal FC','Brazil'),(856,'Hector Bellerin','D',24,110000,'Arsenal FC','Spain'),(857,'Sead Kolasinac','D',26,100000,'Arsenal FC','Bosnia and Herzegovina'),(858,'Bernd Leno','GK',27,100000,'Arsenal FC','Germany'),(859,'Granit Xhaka','M',27,100000,'Arsenal FC','Switzerland'),(860,'Sokratis Papastathopoulos','D',31,92000,'Arsenal FC','Greece'),(861,'Shkodran Mustafi','D',27,90000,'Arsenal FC','Germany'),(862,'Lucas Torreira','M',23,75000,'Arsenal FC','Uruguay'),(863,'Dani Ceballos','M',23,51923,'Arsenal FC','Spain'),(864,'Calum Chambers','D',24,50000,'Arsenal FC','England'),(865,'Matteo Guendouzi','M',20,40000,'Arsenal FC','France'),(866,'Ainsley Maitland-Niles','M',0,35000,'Arsenal FC','England'),(867,'Rob Holding','D',24,25000,'Arsenal FC','England'),(868,'Konstantinos Mavropanos','D',21,25000,'Arsenal FC','Greece'),(869,'Emiliano Martinez','GK',27,20000,'Arsenal FC','Spain'),(870,'Tom Heaton','GK',33,42000,'Aston Villa FC','England'),(871,'Henri Lansbury','M',29,40000,'Aston Villa FC','England'),(872,'Jack Grealish','M',24,35000,'Aston Villa FC','England'),(873,'Jonathan Kodjia','F',30,35000,'Aston Villa FC','France'),(874,'Matt Targett','D',24,35000,'Aston Villa FC','England'),(875,'Neil Taylor','D',30,32000,'Aston Villa FC','England'),(876,'Anwar El Ghazi','F',24,30962,'Aston Villa FC','Netherlands'),(877,'James Chester','D',30,30000,'Aston Villa FC','England'),(878,'Conor Hourihane','M',28,30000,'Aston Villa FC','Ireland'),(879,'Ahmed Elmohamady','M',32,25000,'Aston Villa FC','Egypt'),(880,'Jose Ignacio Peleteiro Ramallo','F',28,25000,'Aston Villa FC','Spain'),(881,'John McGinn','M',25,25000,'Aston Villa FC','England'),(882,'Tyrone Mings','D',26,25000,'Aston Villa FC','England'),(883,'Jota Peleteiro','M',28,25000,'Aston Villa FC','Scottland'),(884,'Orjan Nyland','GK',29,20000,'Aston Villa FC','Norway'),(885,'Lovre Kalinic','GK',29,15712,'Aston Villa FC','Croatia'),(886,'Kortney Hause','D',24,8000,'Aston Villa FC','England'),(887,'Ezri Konsa','D',22,8000,'Aston Villa FC','England'),(888,'Jed Steer','GK',27,8000,'Aston Villa FC','England'),(889,'Keinan Davis','F',21,5000,'Aston Villa FC','England'),(890,'Pascal Gross','M',28,50000,'Brighton & Hove Albion FC','Germany'),(891,'Alireza Jahanbakhsh','F',26,50000,'Brighton & Hove Albion FC','Iran'),(892,'Martin Montoya','D',28,50000,'Brighton & Hove Albion FC','Spain'),(893,'Lewis Dunk','D',27,45000,'Brighton & Hove Albion FC','England'),(894,'Jose Izquierdo','F',27,45000,'Brighton & Hove Albion FC','Columbia'),(895,'Davy Propper','M',28,45000,'Brighton & Hove Albion FC','Netherlands'),(896,'Shane Duffy','D',27,40000,'Brighton & Hove Albion FC','England'),(897,'Mathew Ryan','GK',27,35000,'Brighton & Hove Albion FC','Australia'),(898,'Ezequiel Schelotto','D',30,32000,'Brighton & Hove Albion FC','Argentina'),(899,'Solly March','M',25,30000,'Brighton & Hove Albion FC','England'),(900,'Glenn Murray','F',36,30000,'Brighton & Hove Albion FC','England'),(901,'Dale Stephens','M',29,30000,'Brighton & Hove Albion FC','England'),(902,'Yves Bissouma','M',23,25000,'Brighton & Hove Albion FC','Africa'),(903,'Bernardo Fernandes da Silva Junior','M',24,25000,'Brighton & Hove Albion FC','Brazil'),(904,'Gaetan Bong','D',31,20192,'Brighton & Hove Albion FC','Cameroon'),(905,'Leon Balogun','D',31,18269,'Brighton & Hove Albion FC','Germany'),(906,'David Button','GK',30,16026,'Brighton & Hove Albion FC','England'),(907,'Jason Steele','GK',29,16026,'Brighton & Hove Albion FC','England'),(908,'Soufyan Ahannach','F',24,10000,'Brighton & Hove Albion FC','Netherlands'),(909,'Danny Drinkwater','M',29,100000,'Burnley FC','England'),(910,'Ben Mee','D',30,55000,'Burnley FC','England'),(911,'James Tarkowski','D',26,50000,'Burnley FC','England'),(912,'Steven Defour','M',31,45000,'Burnley FC','Belgium'),(913,'Joe Hart','GK',32,45000,'Burnley FC','England'),(914,'Ben Gibson','D',26,40000,'Burnley FC','England'),(915,'Jack Cork','M',30,38000,'Burnley FC','England'),(916,'Robbie Brady','M',27,35000,'Burnley FC','Ireland'),(917,'Jeff Hendrick','M',27,35000,'Burnley FC','Ireland'),(918,'Aaron Lennon','F',32,35000,'Burnley FC','England'),(919,'Nick Pope','GK',27,35000,'Burnley FC','England'),(920,'Matej Vydra','F',27,35000,'Burnley FC','Czech Republic'),(921,'Ashley Westwood','M',29,31000,'Burnley FC','England'),(922,'Johann Berg Gudmundsson','M',29,30000,'Burnley FC','Iceland'),(923,'Phil Bardsley','D',34,25000,'Burnley FC','England'),(924,'Matthew Lowton','D',30,25000,'Burnley FC','England'),(925,'Charlie Taylor','D',26,25000,'Burnley FC','England'),(926,'Kevin Long','D',29,23000,'Burnley FC','Ireland'),(927,'Adam Legzdins','GK',32,5000,'Burnley FC','England'),(928,'Kepa Arrizabalaga','GK',25,150000,'Chelsea FC','Spain'),(929,'N\'Golo Kante','M',28,150000,'Chelsea FC','France'),(930,'Christian Pulisic','F',21,145000,'Chelsea FC','United States of America'),(931,'Willian da Silva','M',31,120000,'Chelsea FC','Brazil'),(932,'Tiemou Bakayoko','M',25,110000,'Chelsea FC','France'),(933,'Jorge Luiz Frello Filho','M',27,110000,'Chelsea FC','Brazil'),(934,'Olivier Giroud','F',33,110000,'Chelsea FC','France'),(935,'Mateo Kovacic','M',25,106673,'Chelsea FC','Croatia'),(936,'Marcos Alonso','D',28,100000,'Chelsea FC','Spain'),(937,'Ross Barkley','M',25,100000,'Chelsea FC','England'),(938,'Pedro Rodriguez Ledesma','M',32,100000,'Chelsea FC','Spain'),(939,'Antonio Rudiger','D',26,100000,'Chelsea FC','Germany'),(940,'Caesar Azpilicueta','D',30,90000,'Chelsea FC','Spain'),(941,'Michy Batshuayi','F',26,90000,'Chelsea FC','Belgium'),(942,'Andreas Christensen','D',23,80000,'Chelsea FC','Denmark'),(943,'Mason Mount','M',20,75000,'Chelsea FC','England'),(944,'Tammy Abraham','F',22,50000,'Chelsea FC','England'),(945,'Emerson Palmieri','D',25,42000,'Chelsea FC','Brazil'),(946,'Kurt Zouma','D',25,40000,'Chelsea FC','France'),(947,'Ruben Loftus-Cheek','F',23,35000,'Chelsea FC','England'),(948,'Willy Caballero','GK',38,30000,'Chelsea FC','France'),(949,'Marco van Ginkel','M',26,27885,'Chelsea FC','Netherlands'),(950,'Isaiah Brown','F',22,25000,'Chelsea FC','England'),(951,'Michael Hector','D',27,17000,'Chelsea FC','England'),(952,'Wilfried Zaha','F',27,130000,'Crystal Palace FC','Ivory Coast'),(953,'Max Meyer','M',24,125000,'Crystal Palace FC','Germany'),(954,'Christian Benteke','F',28,120000,'Crystal Palace FC','Belgium'),(955,'Mamadou Sakho','D',29,100000,'Crystal Palace FC','France'),(956,'Cheikhou Kouyate','M',29,65000,'Crystal Palace FC','Senegal'),(957,'Scott Dann','D',32,60000,'Crystal Palace FC','England'),(958,'Vicente Guaita','GK',32,60000,'Crystal Palace FC','Spain'),(959,'Connor Wickham','F',26,60000,'Crystal Palace FC','England'),(960,'Jeffrey Schlupp','D',26,56000,'Crystal Palace FC','Germany'),(961,'James McArthur','M',32,55000,'Crystal Palace FC','England'),(962,'Luka Milivojevic','M',28,55000,'Crystal Palace FC','Serbia'),(963,'Jairo Riedewald','D',23,55000,'Crystal Palace FC','Netherlands'),(964,'Andros Townsend','F',28,55000,'Crystal Palace FC','England'),(965,'Patrick Van Aanholt','D',29,55000,'Crystal Palace FC','Netherlands'),(966,'James McCarthy','M',29,50000,'Crystal Palace FC','England'),(967,'James Tomkins','D',30,50000,'Crystal Palace FC','England'),(968,'Wayne Hennessey','GK',32,40000,'Crystal Palace FC','England'),(969,'Joel Ward','D',30,35000,'Crystal Palace FC','England'),(970,'Jordan Ayew','F',28,32500,'Crystal Palace FC','Ghana'),(971,'Martin Kelly','D',29,25000,'Crystal Palace FC','England'),(972,'Bernard Anicio Caldeira Duarte','M',27,120000,'Everton FC','Brazil'),(973,'Yerry Mina','D',25,120000,'Everton FC','Columbia'),(974,'Andre Gomes','M',26,112212,'Everton FC','Spain'),(975,'Jordan Pickford','GK',25,100000,'Everton FC','England'),(976,'Morgan Schneiderlin','M',30,100000,'Everton FC','France'),(977,'Gylfi Sigurdsson','M',30,100000,'Everton FC','Denmark'),(978,'Theo Walcott','F',30,100000,'Everton FC','England'),(979,'Richarlison de Andrade','F',22,90000,'Everton FC','Brazil'),(980,'Lucas Digne','D',26,90000,'Everton FC','France'),(981,'Fabian Delph','M',29,80000,'Everton FC','England'),(982,'Seamus Coleman','D',31,70000,'Everton FC','England'),(983,'Leighton Baines','D',34,65000,'Everton FC','England'),(984,'Michael Keane','D',26,60000,'Everton FC','England'),(985,'Cenk Tosun','F',28,60000,'Everton FC','Turkey'),(986,'Oumar Niasse','F',29,55000,'Everton FC','Senegal'),(987,'Moise Kean','F',19,53173,'Everton FC','Italy'),(988,'Alex Iwobi','F',23,50000,'Everton FC','Ivory Coast'),(989,'Cuco Martina','D',30,35000,'Everton FC','England'),(990,'Jonas Lossl','GK',30,28000,'Everton FC','Denmark'),(991,'Tom Davies','M',21,25000,'Everton FC','England'),(992,'Mason Holgate','D',23,25000,'Everton FC','England'),(993,'Dominic Calvert-Lewin','F',22,20000,'Everton FC','England'),(994,'Beni Baningime','M',21,8000,'Everton FC','Republic of the Congo'),(995,'Jamie Vardy','F',32,140000,'Leicester City FC','England'),(996,'Kasper Schmeichel','GK',33,130000,'Leicester City FC','Denmark'),(997,'Jonny Evans','D',31,80000,'Leicester City FC','England'),(998,'Adrien Silva','M',30,80000,'Leicester City FC','Portugal'),(999,'Onyinye Ndidi','M',22,75000,'Leicester City FC','Nigeria'),(1000,'Ricardo Pereira','D',26,70000,'Leicester City FC','Portugal'),(1001,'Ben Chilwell','D',22,65000,'Leicester City FC','England'),(1002,'Kelechi Iheanacho','F',23,60000,'Leicester City FC','Nigeria'),(1003,'Wes Morgan','D',35,60000,'Leicester City FC','England'),(1004,'Demarai Gray','F',23,55000,'Leicester City FC','England'),(1005,'Vicente Iborra','M',31,55000,'Leicester City FC','Spain'),(1006,'James Maddison','M',0,55000,'Leicester City FC','England'),(1007,'Christian Fuchs','D',33,50000,'Leicester City FC','England'),(1008,'Nampalys Mendy','M',27,50000,'Leicester City FC','France'),(1009,'Marc Albrighton','M',30,45000,'Leicester City FC','England'),(1010,'Ayoze Perez','F',26,45000,'Leicester City FC','Spain'),(1011,'Caglar Soyuncu','D',23,45000,'Leicester City FC','Turkey'),(1012,'Youri Tielemans','M',22,33038,'Leicester City FC','Belgium'),(1013,'Matty James','M',28,32000,'Leicester City FC','England'),(1014,'Bartosz Kapustka','M',22,30000,'Leicester City FC','Poland'),(1015,'Eldin Jakupovic','GK',35,23000,'Leicester City FC','Bosnia and Herzegovina'),(1016,'Daniel Amartey','M',24,21000,'Leicester City FC','Ghana'),(1017,'Danny Ward','GK',26,20000,'Leicester City FC','England'),(1018,'Harvey Barnes','M',21,10000,'Leicester City FC','England'),(1019,'Hamza Choudhury','M',22,7500,'Leicester City FC','England'),(1020,'Mohamed Salah','F',27,200000,'Liverpool FC','Egypt'),(1021,'Roberto Firmino','F',28,180000,'Liverpool FC','Brazil'),(1022,'Virgil Van Dijk','D',28,180000,'Liverpool FC','Netherlands'),(1023,'Jordan Henderson','M',29,140000,'Liverpool FC','England'),(1024,'James Milner','M',33,140000,'Liverpool FC','England'),(1025,'Naby Keita','M',24,120000,'Liverpool FC','Guinea'),(1026,'Alex Oxlade-Chamberlain','M',26,120000,'Liverpool FC','England'),(1027,'Adam Lallana','M',31,110000,'Liverpool FC','England'),(1028,'Dejan Lovren','D',30,100000,'Liverpool FC','Croatia'),(1029,'Sadio Mane','F',27,100000,'Liverpool FC','Senegal'),(1030,'Joel Matip','D',28,100000,'Liverpool FC','Cameroon'),(1031,'Fabinho Tavares','M',26,100000,'Liverpool FC','Brazil'),(1032,'Alisson Becker','GK',27,90000,'Liverpool FC','Brazil'),(1033,'Xherdan Shaqiri','M',28,80000,'Liverpool FC','Switzerland'),(1034,'Lazar Markovic','M',25,75000,'Liverpool FC','Croatia'),(1035,'Georginio Wijnaldum','M',29,75000,'Liverpool FC','Netherlands'),(1036,'Nathaniel Clyne','D',28,70000,'Liverpool FC','England'),(1037,'Andrew Robertson','D',25,50000,'Liverpool FC','Scotland'),(1038,'Divock Origi','F',24,45000,'Liverpool FC','Belgium'),(1039,'Trent Alexander-Arnold','D',21,40000,'Liverpool FC','England'),(1040,'Joe Gomez','D',22,28000,'Liverpool FC','England'),(1041,'Loris Karius','GK',26,25000,'Liverpool FC','Norway'),(1042,'Rhian Brewster','F',19,10000,'Liverpool FC','England'),(1043,'Kevin De Bruyne','M',28,350000,'Manchester City FC','Belgium'),(1044,'Raheem Sterling','M',24,300000,'Manchester City FC','England'),(1045,'Sergio Aguero','F',31,230135,'Manchester City FC','Argentina'),(1046,'David Silva','M',33,220000,'Manchester City FC','Spain'),(1047,'Fernandinho Luiz Roza','M',34,150000,'Manchester City FC','Brazil'),(1048,'Bernardo Silva','M',25,150000,'Manchester City FC','Portugal'),(1049,'Ilkay Gundogan','M',29,140000,'Manchester City FC','Germany'),(1050,'Rodrigo Hernandez Cascante','M',23,121154,'Manchester City FC','Spain'),(1051,'Aymeric Laporte','D',25,120000,'Manchester City FC','France'),(1052,'Riyad Mahrez','F',28,120000,'Manchester City FC','Algeria'),(1053,'Nicolas Otamendi','D',31,120000,'Manchester City FC','Argentina'),(1054,'Kyle Walker','D',29,110000,'Manchester City FC','England'),(1055,'John Stones','D',25,100000,'Manchester City FC','England'),(1056,'Gabriel Jesus','F',22,90000,'Manchester City FC','Brazil'),(1057,'Benjamin Mendy','D',25,90000,'Manchester City FC','France'),(1058,'Leroy Sane','F',23,90000,'Manchester City FC','Germany'),(1059,'Claudio Bravo','GK',36,80000,'Manchester City FC','Chile'),(1060,'Joao Cancelo','D',25,80000,'Manchester City FC','Portugal'),(1061,'Ederson Moraes','GK',26,65000,'Manchester City FC','Brazil'),(1062,'Marlos Moreno','F',23,45000,'Manchester City FC','Spain'),(1063,'Oleksandr Zinchenko','M',22,20000,'Manchester City FC','Ukraine'),(1064,'Phil Foden','M',18,12000,'Manchester City FC','England'),(1065,'David De Gea','GK',29,375000,'Manchester United FC','Spain'),(1066,'Paul Pogba','M',26,290000,'Manchester United FC','France'),(1067,'Anthony Martial','F',23,250000,'Manchester United FC','France'),(1068,'Marcus Rashford','F',22,200000,'Manchester United FC','England'),(1069,'Harry Maguire','D',26,189904,'Manchester United FC','England'),(1070,'Juan Mata','M',31,160000,'Manchester United FC','Spain'),(1071,'Luke Shaw','D',24,150000,'Manchester United FC','England'),(1072,'Frederico de Paula Santos','M',26,120000,'Manchester United FC','Brazil'),(1073,'Victor Lindelof','D',25,120000,'Manchester United FC','Denmark'),(1074,'Nemanja Matic','M',31,120000,'Manchester United FC','Serbia'),(1075,'Ashley Young','D',34,120000,'Manchester United FC','England'),(1076,'Aaron Wan-Bissaka','D',21,90000,'Manchester United FC','England'),(1077,'Eric Bailly','D',25,80000,'Manchester United FC','Ivory Coast'),(1078,'Marcos Rojo','D',29,80000,'Manchester United FC','Argentina'),(1079,'Phil Jones','D',27,75000,'Manchester United FC','England'),(1080,'Jesse Lingard','F',26,75000,'Manchester United FC','England'),(1081,'Sergio Romero','GK',32,70000,'Manchester United FC','Argentina'),(1082,'Matteo Darmian','D',29,45000,'Manchester United FC','Italy'),(1083,'Lee Grant','GK',36,30000,'Manchester United FC','England'),(1084,'Andreas Pereira','M',23,30000,'Manchester United FC','Belgium'),(1085,'Diogo Dalot','M',20,25000,'Manchester United FC','Italy'),(1086,'Timothy Fosu-Mensah','D',21,15000,'Manchester United FC','England'),(1087,'Scott McTominay','M',22,10000,'Manchester United FC','England'),(1088,'Jonjo Shelvey','M',27,70000,'Newcastle United FC','England'),(1089,'Yoshinori Muto','F',27,54000,'Newcastle United FC','Japan'),(1090,'Matt Ritchie','M',30,45000,'Newcastle United FC','England'),(1091,'Federico Fernandez','D',30,43000,'Newcastle United FC','Argentina'),(1092,'Miguel Almiron','M',25,42327,'Newcastle United FC','Uruguay'),(1093,'Dwight Gayle','F',30,40000,'Newcastle United FC','England'),(1094,'Jamaal Lascelles','D',26,40000,'Newcastle United FC','England'),(1095,'Fabian Schar','D',27,40000,'Newcastle United FC','Switzerland'),(1096,'Ki Sung-yueng','M',30,40000,'Newcastle United FC','South Korea'),(1097,'Florian Lejeune','D',28,38000,'Newcastle United FC','France'),(1098,'Ciaran Clark','D',30,35000,'Newcastle United FC','England'),(1099,'Paul Dummett','D',28,35000,'Newcastle United FC','England'),(1100,'Javier Manquillo','D',25,35000,'Newcastle United FC','Spain'),(1101,'Christian Atsu','F',27,30000,'Newcastle United FC','Ghana'),(1102,'Deandre Yedlin','D',26,30000,'Newcastle United FC','United States of America'),(1103,'Karl Darlow','GK',29,25000,'Newcastle United FC','England'),(1104,'Rob Elliot','GK',33,25000,'Newcastle United FC','England'),(1105,'Isaac Hayden','M',24,22000,'Newcastle United FC','England'),(1106,'Jamie Sterry','D',23,2000,'Newcastle United FC','England'),(1107,'Sean Longstaff','M',22,692,'Newcastle United FC','England'),(1108,'Sam Byram','D',26,30000,'Norwich City FC','England'),(1109,'Grant Hanley','D',27,25000,'Norwich City FC','England'),(1110,'Timm Klose','D',21,20000,'Norwich City FC','Germany'),(1111,'Mario Vrancic','M',30,20000,'Norwich City FC','Croatia'),(1112,'Marco Stiepermann','M',28,17500,'Norwich City FC','Germany'),(1113,'Michael McGovern','GK',35,17000,'Norwich City FC','England'),(1114,'Philip Heise','D',28,16192,'Norwich City FC','Germany'),(1115,'Tom Trybull','M',26,15000,'Norwich City FC','Germany'),(1116,'Christoph Zimmermann','D',26,15000,'Norwich City FC','Germany'),(1117,'Alexander Tettey','M',33,13000,'Norwich City FC','Ghana'),(1118,'Mortiz Leitner','M',0,12000,'Norwich City FC','Germany'),(1119,'Kenny McLean','M',27,10000,'Norwich City FC','England'),(1120,'Emiliano Buendia','F',22,8000,'Norwich City FC','Argentina'),(1121,'Onel Hernandez','F',26,8000,'Norwich City FC','Cuba'),(1122,'Ben Marshall','M',28,8000,'Norwich City FC','England'),(1123,'Teemu Pukki','F',29,6000,'Norwich City FC','Finland'),(1124,'Max Aarons','D',19,5000,'Norwich City FC','England'),(1125,'Ben Godfrey','D',21,5000,'Norwich City FC','England'),(1126,'Jamal Lewis','D',21,5000,'Norwich City FC','Ireland'),(1127,'Dennis Srbeny','F',25,4000,'Norwich City FC','Germany'),(1128,'Todd Cantwell','M',21,1500,'Norwich City FC','England'),(1129,'Phil Jagielka','D',37,50000,'Sheffield United FC','England'),(1130,'Muhamed Besic','M',27,30000,'Sheffield United FC','Germany'),(1131,'Lys Mousset','F',23,25000,'Sheffield United FC','France'),(1132,'Jacob Murphy','F',24,25000,'Sheffield United FC','England'),(1133,'Oliver Norwood','M',28,15000,'Sheffield United FC','England'),(1134,'Richard Stearman','D',32,15000,'Sheffield United FC','England'),(1135,'Billy Sharp','F',33,12000,'Sheffield United FC','England'),(1136,'Luke Freeman','M',27,10000,'Sheffield United FC','England'),(1137,'Dean Henderson','GK',22,10000,'Sheffield United FC','England'),(1138,'Jack O\'Connell','D',25,10000,'Sheffield United FC','England'),(1139,'Leon Clarke','F',34,9000,'Sheffield United FC','England'),(1140,'John Fleck','M',28,8000,'Sheffield United FC','England'),(1141,'John Egan','D',27,7500,'Sheffield United FC','Ireland'),(1142,'Simon Moore','GK',29,5000,'Sheffield United FC','England'),(1143,'Callum Robinson','F',24,5000,'Sheffield United FC','England'),(1144,'Kieron Freeman','D',27,4500,'Sheffield United FC','England'),(1145,'George Baldock','D',26,4000,'Sheffield United FC','England'),(1146,'John Lundstrom','M',25,4000,'Sheffield United FC','England'),(1147,'Ben Osborn','M',25,4000,'Sheffield United FC','England'),(1148,'Enda Stevens','D',29,4000,'Sheffield United FC','Ireland'),(1149,'Kean Bryan','D',23,3000,'Sheffield United FC','England'),(1150,'Danny Ings','F',27,75000,'Southampton FC','England'),(1151,'Charlie Austin','F',30,70000,'Southampton FC','England'),(1152,'Ryan Bertrand','D',30,70000,'Southampton FC','England'),(1153,'Sofiane Boufal','M',26,65000,'Southampton FC','France'),(1154,'Oriol Romeu','M',28,65000,'Southampton FC','Spain'),(1155,'Cedric Soares','D',28,65000,'Southampton FC','Germany'),(1156,'Shane Long','F',32,60000,'Southampton FC','Ireland'),(1157,'Nathan Redmond','M',25,60000,'Southampton FC','England'),(1158,'Jannik Vestergaard','D',27,60000,'Southampton FC','Denmark'),(1159,'Stuart Armstrong','M',27,50000,'Southampton FC','England'),(1160,'Pierre-Emile Hojbjerg','M',24,50000,'Southampton FC','Denmark'),(1161,'Alex McCarthy','GK',29,50000,'Southampton FC','England'),(1162,'Maya Yoshida','D',31,50000,'Southampton FC','Japan'),(1163,'Jack Stephens','D',25,48000,'Southampton FC','England'),(1164,'James Ward-Prowse','M',25,45000,'Southampton FC','England'),(1165,'Angus Gunn','GK',23,40000,'Southampton FC','England'),(1166,'Jan Bednarek','D',23,20000,'Southampton FC','Poland'),(1167,'Sam McQueen','M',24,18000,'Southampton FC','England'),(1168,'Yan Valery','D',20,2000,'Southampton FC','France'),(1169,'Harry Kane','F',26,200000,'Tottenham Hotspur FC','England'),(1170,'Tanguy Ndombele','M',22,200000,'Tottenham Hotspur FC','France'),(1171,'Heung-Min Son','F',27,140000,'Tottenham Hotspur FC','South Korea'),(1172,'Dele Alli','M',23,100000,'Tottenham Hotspur FC','England'),(1173,'Hugo Lloris','GK',32,100000,'Tottenham Hotspur FC','France'),(1174,'Jan Vertonghen','D',32,100000,'Tottenham Hotspur FC','Belgium'),(1175,'Toby Alderweireld','D',30,80000,'Tottenham Hotspur FC','Belgium'),(1176,'Erik Lamela','M',27,80000,'Tottenham Hotspur FC','Argentina'),(1177,'Lucas Moura','M',27,80000,'Tottenham Hotspur FC','Brazil'),(1178,'Christian Eriksen','M',27,75000,'Tottenham Hotspur FC','Denmark'),(1179,'Serge Aurier','D',26,70000,'Tottenham Hotspur FC','France'),(1180,'Giovani Lo Celso','M',23,70000,'Tottenham Hotspur FC','Argentina'),(1181,'Davinson Sanchez','D',23,65000,'Tottenham Hotspur FC','Columbia'),(1182,'Victor Wanyama','M',28,65000,'Tottenham Hotspur FC','Kenya'),(1183,'Ben Davies','D',26,60000,'Tottenham Hotspur FC','England'),(1184,'Eric Dier','M',25,60000,'Tottenham Hotspur FC','England'),(1185,'Danny Rose','D',29,60000,'Tottenham Hotspur FC','England'),(1186,'Harry Winks','M',23,50000,'Tottenham Hotspur FC','England'),(1187,'Juan Foyth','D',21,21500,'Tottenham Hotspur FC','England'),(1188,'Paulo Gazzaniga','GK',27,20000,'Tottenham Hotspur FC','France'),(1189,'Kyle Walker-Peters','D',22,20000,'Tottenham Hotspur FC','England'),(1190,'Abdoulaye Doucoure','M',26,70000,'Watford FC','France'),(1191,'Andre Gray','F',28,70000,'Watford FC','England'),(1192,'Troy Deeney','F',31,65000,'Watford FC','England'),(1193,'Gerard Deulofeu','F',25,60000,'Watford FC','Spain'),(1194,'Tom Cleverley','M',30,50000,'Watford FC','England'),(1195,'Daryl Janmaat','D',30,45000,'Watford FC','Netherlands'),(1196,'Roberto Pereyra','M',28,45000,'Watford FC','Argentina'),(1197,'Sebastian Prodl','D',32,45000,'Watford FC','Austria'),(1198,'Etienne Capoue','M',31,40000,'Watford FC','France'),(1199,'Nathaniel Chalobah','M',24,35000,'Watford FC','Egypt'),(1200,'Heurelho Gomes','GK',38,35000,'Watford FC','Brazil'),(1201,'Ben Foster','GK',36,30000,'Watford FC','England'),(1202,'Jose Holebas','D',35,30000,'Watford FC','Greece'),(1203,'Will Hughes','M',24,30000,'Watford FC','England'),(1204,'Christian Kabasele','D',28,30000,'Watford FC','Congo'),(1205,'Isaac Success','F',23,30000,'Watford FC','Nigeria'),(1206,'Adam Masina','D',25,28000,'Watford FC','Morocco'),(1207,'Craig Cathcart','D',30,23000,'Watford FC','North Ireland'),(1208,'Kiko Femenia','D',28,20000,'Watford FC','Spain'),(1209,'Marvin Zeegelaar','D',29,20000,'Watford FC','Netherlands'),(1210,'Adalberto Penaranda','F',22,18000,'Watford FC','Venezuela'),(1211,'Adrian Mariappa','D',33,15000,'Watford FC','England'),(1212,'Domingos Quina','M',20,8000,'Watford FC','Guinea-Bissau'),(1213,'Daniel Bachmann','GK',25,3000,'Watford FC','Austria'),(1214,'Pontus Dahlberg','GK',20,3000,'Watford FC','Sweden'),(1215,'Andriy Yarmolenko','F',30,115000,'West Ham United FC','Ukraine'),(1216,'Jack Wilshere','M',27,100000,'West Ham United FC','England'),(1217,'Felipe Anderson','M',26,85000,'West Ham United FC','Brazil'),(1218,'Pablo Zabaleta','D',34,75000,'West Ham United FC','Argentina'),(1219,'Michail Antonio','M',29,70000,'West Ham United FC','England'),(1220,'Manuel Lanzini','M',26,70000,'West Ham United FC','Argentina'),(1221,'Angelo Ogbonna','D',31,70000,'West Ham United FC','Italy'),(1222,'Winston Reid','D',31,70000,'West Ham United FC','New Zealand'),(1223,'Issa Diop','D',22,67000,'West Ham United FC','France'),(1224,'Lukasz Fabianski','GK',34,65000,'West Ham United FC','Poland'),(1225,'Aaron Cresswell','D',29,50000,'West Ham United FC','England'),(1226,'Mark Noble','M',32,50000,'West Ham United FC','England'),(1227,'Carlos Sanchez','M',33,50000,'West Ham United FC','Columbia'),(1228,'Fabian Balbuena','D',28,40000,'West Ham United FC','Paraguay'),(1229,'Ryan Fredericks','M',27,40000,'West Ham United FC','England'),(1230,'Arthur Masuaku','D',26,40000,'West Ham United FC','France'),(1231,'Robert Snodgrass','M',32,40000,'West Ham United FC','England'),(1232,'Sead Haksabanovic','M',20,5000,'West Ham United FC','Sweden'),(1233,'Declan Rice','D',20,3000,'West Ham United FC','England'),(1234,'Jose Moutinho','M',33,100000,'Wolverhampton Wanderers FC','Portugal'),(1235,'Rui Patricio','GK',31,100000,'Wolverhampton Wanderers FC','Portugal'),(1236,'Patrick Cutrone','F',21,62923,'Wolverhampton Wanderers FC','Italy'),(1237,'Ruben Neves','M',22,50000,'Wolverhampton Wanderers FC','Portugal'),(1238,'Adama Traore','M',23,43000,'Wolverhampton Wanderers FC','Spain'),(1239,'Raul Jimenez','F',28,41231,'Wolverhampton Wanderers FC','Mexico'),(1240,'Leander Dendoncker','M',24,37923,'Wolverhampton Wanderers FC','England'),(1241,'Jonny Castro','D',25,36673,'Wolverhampton Wanderers FC','Spain'),(1242,'Ruben Vinagre','D',20,30000,'Wolverhampton Wanderers FC','Italy'),(1243,'Romain Saiss','M',29,22000,'Wolverhampton Wanderers FC','Spain'),(1244,'Ryan Bennett','D',29,20000,'Wolverhampton Wanderers FC','England'),(1245,'Conor Coady','D',26,15000,'Wolverhampton Wanderers FC','England'),(1246,'Matt Doherty','D',27,10000,'Wolverhampton Wanderers FC','England'),(1247,'Morgan Gibbs-White','M',19,1500,'Wolverhampton Wanderers FC','England');
/*!40000 ALTER TABLE `player` ENABLE KEYS */;
UNLOCK TABLES;

--
-- Table structure for table `stadium`
--

DROP TABLE IF EXISTS `stadium`;
/*!40101 SET @saved_cs_client     = @@character_set_client */;
/*!40101 SET character_set_client = utf8 */;
CREATE TABLE `stadium` (
  `stad_name` varchar(255) NOT NULL,
  `city_code` text,
  `capacity` int(11) DEFAULT NULL,
  `year_build` date DEFAULT NULL,
  PRIMARY KEY (`stad_name`)
) ENGINE=InnoDB DEFAULT CHARSET=latin1;
/*!40101 SET character_set_client = @saved_cs_client */;

--
-- Dumping data for table `stadium`
--

LOCK TABLES `stadium` WRITE;
/*!40000 ALTER TABLE `stadium` DISABLE KEYS */;
INSERT INTO `stadium` VALUES ('Allianz Stadium','TUR',41507,'2009-03-01'),('American Express Community Stadium','BAH',30666,'2011-07-01'),('Anfield','LVP',54074,'1884-09-24'),('Carrow Road','NOR',27344,'1935-08-31'),('Dean Court','BNM',11329,'1910-01-01'),('Emirates Stadium','LON',60260,'2004-02-01'),('Etihad Stadium','MAN',55097,'2002-07-25'),('Goodison Park','LIV',39572,'1892-08-24'),('Hillsborough Stadium','SHF',39732,'1899-09-02'),('King Power Stadium','LEI',32312,'2002-07-01'),('London Stadium','LON',66000,'2008-05-22'),('Molineux Stadium','WVH',31700,'1889-09-02'),('Old Trafford','MAN',76000,'1910-02-19'),('Selhurst Park Stadium','LON',25456,'1924-08-01'),('St. James Park','NCL',52405,'1892-01-01'),('St. Marys Stadium','SOU',32505,'2001-08-01'),('Stamford Bridge','LON',41631,'1877-04-28'),('Tottenham Hotspur Stadium','LON',62062,'2019-04-03'),('Turf Moor','BUR',22546,'1883-02-17'),('Vicarage Road','WAT',21577,'1922-08-30'),('Villa Park','AST',42785,'1897-01-01');
/*!40000 ALTER TABLE `stadium` ENABLE KEYS */;
UNLOCK TABLES;
/*!40103 SET TIME_ZONE=@OLD_TIME_ZONE */;

/*!40101 SET SQL_MODE=@OLD_SQL_MODE */;
/*!40014 SET FOREIGN_KEY_CHECKS=@OLD_FOREIGN_KEY_CHECKS */;
/*!40014 SET UNIQUE_CHECKS=@OLD_UNIQUE_CHECKS */;
/*!40101 SET CHARACTER_SET_CLIENT=@OLD_CHARACTER_SET_CLIENT */;
/*!40101 SET CHARACTER_SET_RESULTS=@OLD_CHARACTER_SET_RESULTS */;
/*!40101 SET COLLATION_CONNECTION=@OLD_COLLATION_CONNECTION */;
/*!40111 SET SQL_NOTES=@OLD_SQL_NOTES */;

-- Dump completed on 2019-11-25 20:42:34
